order_id,Section A,Section B,Section C,Section D,Section E,Section F,Section G,Section H,Section I,Section J,number_of_items
1,1,0,1,0,1,1,0,1,0,0,9
2,0,0,1,1,1,1,0,1,1,0,15
3,0,1,0,0,1,1,1,1,1,0,1
4,1,1,1,1,0,1,0,0,0,0,18
5,0,1,1,0,1,1,1,1,0,1,4
6,1,0,0,1,0,1,1,1,1,0,19
7,0,0,0,0,0,1,0,1,1,0,8
8,1,1,1,0,1,1,1,1,1,1,4
9,1,1,1,1,0,0,0,1,0,1,19
10,0,1,0,0,0,0,1,0,0,1,8
11,1,0,0,0,0,1,0,1,1,1,15
12,0,0,1,1,0,1,0,1,0,0,15
13,0,0,0,1,0,0,0,1,0,0,7
14,1,1,0,0,0,0,0,1,0,0,3
15,0,1,1,0,0,0,0,0,0,0,8
16,0,1,0,1,1,1,0,0,1,0,9
17,1,0,1,1,1,1,1,0,0,1,16
18,0,0,1,1,1,1,0,1,1,1,9
19,1,0,1,1,0,1,0,0,1,1,17
20,0,1,1,0,1,0,0,0,1,1,11
21,1,0,1,0,1,0,0,0,0,1,4
22,1,0,0,1,1,0,0,0,1,0,19
23,1,1,1,0,1,0,0,0,1,0,12
24,1,1,1,1,0,0,0,0,1,0,7
25,0,0,1,1,1,0,0,1,0,1,14
26,0,1,0,1,1,1,0,0,0,1,11
27,0,1,1,0,0,1,1,0,1,1,16
28,1,1,1,0,1,1,1,1,0,1,18
29,1,1,0,0,0,0,0,1,0,1,15
30,0,1,1,0,0,0,1,0,1,1,13
31,0,0,0,1,0,0,1,1,0,0,8
32,0,0,1,1,0,1,1,1,1,0,13
33,1,1,1,0,1,0,1,0,0,1,20
34,0,1,0,1,0,0,1,0,1,0,19
35,1,0,0,0,1,1,1,1,0,1,7
36,0,1,0,0,0,0,1,1,1,1,13
37,1,0,0,1,1,0,1,1,1,1,5
38,1,0,1,1,0,1,1,0,0,0,18
39,1,1,1,0,1,0,1,1,1,1,1
40,0,1,0,1,0,0,0,0,0,1,19
41,0,1,1,0,1,0,1,1,0,0,7
42,1,1,1,0,0,0,1,1,1,1,2
43,0,1,0,0,0,1,1,0,0,1,5
44,1,1,1,0,0,1,1,1,1,1,20
45,1,1,0,0,0,0,1,0,1,1,10
46,0,0,0,0,0,0,0,0,0,0,17
47,0,1,0,1,1,1,1,1,0,0,8
48,1,0,0,1,0,0,0,0,1,0,12
49,0,1,1,0,0,1,1,0,1,1,18
50,1,0,1,0,0,1,1,1,0,0,4
51,1,0,0,0,1,0,1,1,1,0,20
52,0,1,1,1,0,0,0,0,1,1,1
53,0,1,0,0,0,0,1,1,0,1,2
54,0,1,0,0,0,0,0,1,0,1,1
55,1,0,0,1,0,0,1,0,0,0,5
56,0,1,0,0,1,0,0,1,0,1,6
57,0,0,1,0,0,0,0,0,1,1,17
58,0,1,0,0,0,1,0,0,1,0,2
59,0,0,1,0,1,0,1,0,0,1,10
60,0,0,1,1,0,0,0,1,1,0,17
61,1,0,1,1,1,1,0,1,0,0,13
62,0,0,0,0,0,1,0,1,0,1,20
63,0,1,1,0,0,0,0,0,0,1,20
64,1,1,1,0,0,0,1,1,0,1,5
65,0,1,1,1,1,0,0,1,0,0,15
66,0,0,1,1,1,0,0,1,0,1,6
67,1,1,1,1,1,1,0,1,0,0,8
68,0,0,0,0,1,0,1,1,1,0,2
69,0,1,1,0,1,1,0,1,0,1,7
70,1,0,0,0,0,0,1,0,1,1,14
71,1,1,0,0,1,0,0,1,1,0,17
72,0,1,1,0,0,0,0,0,1,1,1
73,1,0,0,1,0,0,0,1,0,1,9
74,1,1,1,0,0,1,1,0,0,0,19
75,1,1,0,1,1,0,0,1,0,0,10
76,1,1,1,1,0,0,0,0,0,0,2
77,1,0,0,1,0,1,0,0,1,0,10
78,0,1,1,1,1,1,0,0,1,0,9
79,1,1,0,0,0,1,1,1,0,1,7
80,1,0,1,0,1,1,1,1,0,0,5
81,0,1,0,0,0,0,1,1,1,1,19
82,1,1,1,0,1,1,1,1,0,0,10
83,0,0,0,0,1,0,1,0,0,1,4
84,1,1,1,0,1,1,1,1,0,1,10
85,1,1,0,0,0,1,1,0,1,0,7
86,1,1,0,1,0,1,0,0,0,1,20
87,0,1,0,0,1,1,1,1,0,1,2
88,0,0,0,0,1,1,0,0,1,0,7
89,1,0,1,1,1,1,1,1,0,1,7
90,1,0,0,0,1,1,0,0,1,1,8
91,1,1,0,1,0,1,0,0,1,0,8
92,1,0,1,0,1,0,1,0,1,1,16
93,0,1,1,1,0,1,0,0,0,0,15
94,1,0,1,0,1,0,1,1,1,1,1
95,0,0,0,1,1,1,1,0,1,0,4
96,0,1,1,0,0,0,0,1,0,0,2
97,0,1,0,1,1,0,1,1,1,0,20
98,0,0,1,0,1,1,1,0,1,0,11
99,1,0,0,0,0,1,1,0,1,0,9
100,1,1,0,0,0,0,1,1,0,0,4
101,1,1,0,0,1,0,0,1,1,0,5
102,0,0,0,0,1,1,0,0,1,1,14
103,0,0,1,1,1,1,1,0,1,1,8
104,0,1,1,1,1,1,0,0,0,0,16
105,1,0,0,0,0,1,0,1,0,0,13
106,1,1,1,0,1,1,1,0,1,1,1
107,0,1,0,1,0,1,1,1,1,1,9
108,1,0,0,1,1,1,1,1,1,0,9
109,1,1,0,0,1,0,0,1,0,0,14
110,1,0,0,0,1,0,1,1,0,1,20
111,1,0,0,0,0,1,1,0,1,1,1
112,0,0,0,0,1,1,0,1,1,1,10
113,1,0,1,1,1,1,0,0,1,1,18
114,0,0,1,0,1,0,1,1,0,0,5
115,0,1,0,0,0,1,0,0,0,0,18
116,0,0,0,0,1,1,0,1,0,0,10
117,1,0,0,1,1,1,0,0,0,0,4
118,1,0,1,1,1,0,0,1,0,0,7
119,0,0,1,1,1,0,0,0,0,0,11
120,0,1,1,0,0,1,0,0,0,0,2
121,0,0,0,0,0,1,0,0,0,1,2
122,1,0,1,1,0,0,0,1,1,1,3
123,1,1,0,1,1,0,0,1,0,0,9
124,0,0,0,0,1,0,1,0,1,1,1
125,1,1,0,1,0,0,1,0,1,0,18
126,0,1,0,1,0,1,1,1,1,1,18
127,0,1,0,1,1,0,0,0,0,0,5
128,1,1,0,1,1,0,1,0,1,1,20
129,0,0,0,0,1,0,0,0,1,1,9
130,1,0,0,1,0,1,1,1,1,0,12
131,0,1,1,1,0,1,1,1,1,1,15
132,0,1,1,0,1,1,1,0,0,0,10
133,0,0,0,1,1,0,1,1,1,0,13
134,1,1,1,0,0,0,0,0,1,0,8
135,1,1,1,1,1,0,0,1,0,0,14
136,1,0,1,1,1,1,0,0,0,0,12
137,1,1,0,1,1,0,1,1,1,1,5
138,1,0,1,1,1,0,1,0,0,1,11
139,0,1,0,0,0,1,1,1,0,1,1
140,0,0,0,0,0,1,1,1,0,0,19
141,1,1,1,1,0,1,0,0,0,1,5
142,1,0,1,1,1,0,1,0,0,1,12
143,0,0,0,0,0,0,0,1,0,0,1
144,1,1,1,1,1,0,0,0,1,0,11
145,0,0,0,1,0,0,1,1,1,0,19
146,0,0,1,0,0,0,1,1,0,1,12
147,1,1,1,0,1,1,1,0,0,0,12
148,0,0,1,0,1,1,0,1,0,0,4
149,1,1,0,1,1,1,0,0,0,1,20
150,0,0,0,1,1,0,0,1,1,1,1
151,1,1,1,0,1,0,0,0,1,0,16
152,1,1,0,1,0,0,1,0,0,0,5
153,1,1,1,0,1,1,1,1,1,0,6
154,0,1,0,0,0,0,1,1,1,1,6
155,1,0,0,1,1,1,0,1,1,1,5
156,0,1,0,1,1,1,1,0,0,0,2
157,0,0,0,0,1,0,1,1,0,0,13
158,1,1,1,1,0,1,0,0,1,1,9
159,0,0,1,1,1,0,1,1,1,1,14
160,1,0,0,0,0,0,1,1,1,0,1
161,1,1,0,1,1,0,1,1,1,1,14
162,1,1,1,0,1,0,0,1,0,0,3
163,1,0,1,0,0,0,1,0,1,0,10
164,0,1,1,1,1,0,1,0,0,0,3
165,1,1,1,0,1,0,1,1,0,0,19
166,0,0,1,1,1,1,1,1,0,0,9
167,1,1,1,0,0,1,0,0,1,0,6
168,1,1,0,1,0,0,0,0,0,0,16
169,1,1,0,1,1,0,0,1,0,1,14
170,0,1,1,1,0,1,1,0,1,0,7
171,1,0,1,1,1,0,1,1,1,0,18
172,0,1,1,0,1,1,0,1,1,1,2
173,1,0,1,1,0,0,0,0,0,0,9
174,1,1,1,1,0,1,1,0,0,1,11
175,1,0,1,1,1,0,0,0,1,0,6
176,1,1,0,0,1,0,0,0,0,0,9
177,0,0,0,1,0,1,1,1,0,0,10
178,1,0,0,1,0,1,1,1,1,0,14
179,0,1,1,1,0,0,0,0,0,0,4
180,0,0,1,0,0,0,0,1,0,0,11
181,1,0,0,0,0,0,1,1,0,1,4
182,1,0,1,0,1,0,0,0,1,1,6
183,0,1,1,0,0,1,0,1,0,0,1
184,1,0,0,1,0,1,1,0,1,1,14
185,0,1,0,1,0,0,0,1,0,1,18
186,1,0,0,0,1,1,1,0,1,0,14
187,0,0,0,1,0,1,1,0,1,0,2
188,1,1,1,0,1,0,1,0,1,0,11
189,0,0,0,0,0,0,1,1,1,0,6
190,0,1,0,0,1,1,0,1,1,1,11
191,1,0,1,0,0,0,1,1,1,1,18
192,1,0,1,1,0,1,1,1,0,0,20
193,1,0,0,0,1,1,1,0,1,1,3
194,1,0,1,1,1,1,0,0,0,0,14
195,0,1,0,0,0,0,0,1,1,0,20
196,1,1,0,1,1,1,0,0,0,0,2
197,0,0,0,1,0,1,0,0,0,1,16
198,0,1,0,1,0,1,1,0,0,1,10
199,0,0,1,0,1,1,0,1,0,0,20
200,0,1,1,0,0,1,1,1,1,0,18
201,0,0,1,0,0,0,1,0,1,1,13
202,1,0,0,1,0,0,1,0,1,0,9
203,1,1,1,0,1,1,1,1,1,1,7
204,1,1,1,0,0,1,0,0,1,0,16
205,1,0,0,0,1,1,0,0,1,1,14
206,0,1,0,0,0,1,0,1,0,0,10
207,1,0,0,0,0,0,1,1,1,1,20
208,1,0,0,1,1,0,1,0,0,0,4
209,0,1,1,0,1,1,1,0,1,1,19
210,1,0,0,0,1,1,1,1,0,1,13
211,1,0,1,0,0,0,1,0,0,0,5
212,1,1,0,1,1,1,1,0,0,0,19
213,0,0,1,1,1,1,0,0,0,0,15
214,0,0,0,0,0,1,0,1,1,1,16
215,1,1,1,0,1,0,0,1,1,1,9
216,0,0,0,1,1,0,0,0,1,1,4
217,0,0,0,0,0,0,1,0,1,1,20
218,0,0,1,0,1,0,0,1,0,0,3
219,1,0,1,1,0,1,1,0,1,1,7
220,0,1,0,0,1,0,1,0,0,0,10
221,0,1,0,1,0,1,0,0,0,0,2
222,1,0,1,0,0,0,1,1,1,1,13
223,1,0,0,0,1,0,0,0,1,1,14
224,0,0,0,0,1,0,1,0,0,1,14
225,1,1,1,0,0,1,1,1,0,1,15
226,1,0,1,0,1,1,0,1,1,0,13
227,1,0,0,1,1,1,1,1,0,0,16
228,0,0,1,0,1,1,1,0,1,1,14
229,0,0,0,1,1,1,0,0,0,1,20
230,1,1,0,1,0,1,0,1,0,0,9
231,1,0,1,1,1,0,0,0,0,1,10
232,1,0,1,1,1,0,1,0,1,1,10
233,1,1,1,1,1,1,1,0,0,0,19
234,0,0,1,0,0,0,1,1,0,0,18
235,0,1,0,1,0,0,0,1,0,1,18
236,0,1,1,1,0,1,1,1,0,1,5
237,1,1,1,1,1,1,0,1,0,0,20
238,0,1,0,1,1,0,1,0,0,1,1
239,1,1,0,0,0,0,0,1,1,0,20
240,0,1,0,1,1,0,1,1,1,1,9
241,0,1,1,1,0,0,1,1,1,0,16
242,1,1,1,0,0,1,1,1,1,0,11
243,0,0,0,0,0,1,1,0,0,0,8
244,1,0,1,1,1,0,0,0,1,0,4
245,1,0,1,0,1,1,1,1,0,0,20
246,0,1,1,1,0,0,1,1,1,1,9
247,0,0,1,1,1,0,0,1,1,1,15
248,1,1,0,0,1,0,1,1,1,1,5
249,0,0,1,1,1,0,1,0,0,0,9
250,1,1,1,1,0,0,1,1,0,0,10
251,1,1,0,1,1,0,1,1,0,1,16
252,1,0,1,0,0,0,1,0,1,1,10
253,1,1,1,1,0,1,1,0,0,0,11
254,0,0,1,0,0,0,0,1,1,0,2
255,0,1,0,0,0,1,1,0,0,0,12
256,1,1,1,1,1,0,0,1,0,1,17
257,0,0,0,0,1,1,1,0,1,1,9
258,1,0,1,0,0,1,0,0,1,0,12
259,1,1,0,0,1,1,1,1,1,0,11
260,1,0,1,1,1,1,0,1,1,0,14
261,0,1,0,0,0,1,0,0,1,0,19
262,1,1,1,1,0,0,1,0,0,1,12
263,1,0,0,0,0,1,0,0,0,0,3
264,1,1,1,1,1,0,1,1,1,0,1
265,1,0,0,0,1,1,0,0,1,0,3
266,1,0,1,0,0,0,1,1,1,0,7
267,0,1,0,0,1,0,1,0,1,0,7
268,0,0,1,0,1,0,0,0,1,0,10
269,0,1,0,1,0,1,1,0,0,0,19
270,0,0,0,1,0,0,1,1,1,0,6
271,0,1,0,0,1,1,1,0,0,0,8
272,1,1,1,0,0,0,0,1,0,0,1
273,0,0,1,0,0,0,0,0,0,1,15
274,0,0,0,0,1,0,0,0,1,1,16
275,1,0,1,1,0,1,1,1,0,1,6
276,0,0,0,1,0,1,0,0,0,0,16
277,0,0,1,0,0,0,0,1,1,1,11
278,1,0,0,1,0,1,1,1,0,0,11
279,1,1,0,0,0,0,1,1,1,1,15
280,1,0,0,0,1,0,0,1,1,1,17
281,0,1,1,0,1,1,1,0,0,0,16
282,0,0,0,0,0,0,0,1,1,1,17
283,1,0,1,0,0,1,1,0,1,1,14
284,0,0,0,1,0,0,1,0,1,1,11
285,0,1,1,1,1,0,1,1,0,0,14
286,1,1,1,1,0,0,1,1,1,1,10
287,0,0,0,1,0,0,1,0,0,0,5
288,1,1,1,0,1,1,1,1,0,1,18
289,1,0,0,0,0,0,1,0,0,1,5
290,1,1,0,0,1,1,0,0,1,0,7
291,1,0,1,0,0,1,1,0,1,0,19
292,0,1,0,0,1,0,1,0,1,1,14
293,0,0,1,0,0,1,0,0,0,1,16
294,1,0,1,1,0,0,1,1,0,0,13
295,0,0,1,0,0,0,1,1,0,0,20
296,0,0,0,1,0,0,1,1,0,0,7
297,1,0,1,0,0,0,1,0,1,0,15
298,0,1,0,0,0,1,0,1,1,0,19
299,1,0,1,0,0,1,0,0,1,1,20
300,0,0,1,0,0,1,0,0,0,1,4
301,1,0,1,0,0,0,1,1,1,1,7
302,1,0,1,1,0,0,1,1,1,1,6
303,1,0,1,1,1,1,0,1,1,0,9
304,1,1,0,1,1,1,1,1,0,0,9
305,1,0,1,1,0,0,1,1,1,0,7
306,1,1,1,1,0,1,1,1,0,1,6
307,0,0,0,1,0,0,0,1,0,1,20
308,1,0,1,0,0,1,0,0,1,0,1
309,0,0,1,0,1,1,1,0,0,0,19
310,0,0,0,0,0,1,0,0,1,0,8
311,1,1,1,0,1,1,0,1,1,0,6
312,0,0,0,0,0,1,1,1,1,1,2
313,1,1,0,1,0,1,1,0,0,0,5
314,1,0,0,1,1,0,1,0,1,1,14
315,0,0,1,1,1,0,1,1,0,1,10
316,0,1,1,1,0,1,0,0,0,1,18
317,1,0,0,0,1,1,0,1,1,0,3
318,1,0,0,1,1,1,1,1,0,1,1
319,1,0,0,1,0,1,0,1,1,0,19
320,1,1,0,0,1,0,0,0,1,1,5
321,1,1,0,1,0,0,1,1,0,0,5
322,1,1,0,0,0,0,1,0,0,1,15
323,0,1,0,1,1,0,1,0,1,0,3
324,1,1,0,0,1,1,1,1,1,0,17
325,0,0,0,1,1,1,0,1,0,1,7
326,1,0,1,1,1,0,0,1,0,0,19
327,1,1,0,0,1,1,0,1,1,1,4
328,0,0,1,0,1,0,0,1,0,0,18
329,1,1,0,0,1,1,0,1,1,1,10
330,1,0,0,0,0,1,1,0,1,0,11
331,0,0,0,0,0,1,0,0,1,0,17
332,0,0,0,1,1,1,0,1,0,0,18
333,0,0,1,1,1,1,1,1,1,0,16
334,0,1,0,0,0,0,1,1,1,1,8
335,1,0,0,0,1,1,0,1,1,0,7
336,0,0,1,0,0,0,1,0,1,0,15
337,1,1,0,1,1,0,0,0,0,1,15
338,1,0,0,1,1,1,1,0,0,1,11
339,0,0,0,1,1,0,1,1,0,1,12
340,0,0,0,0,0,0,1,1,1,1,8
341,1,1,1,1,1,0,0,1,1,0,2
342,1,1,1,1,0,1,1,1,1,0,2
343,1,0,0,1,0,1,1,1,0,1,19
344,0,1,1,1,0,1,0,0,1,1,10
345,1,1,0,0,0,1,0,1,0,1,11
346,1,1,0,0,1,1,1,0,0,0,13
347,1,1,1,0,0,0,0,1,1,0,1
348,0,1,1,0,0,1,1,0,0,0,11
349,1,1,0,1,0,1,0,0,0,1,3
350,0,1,1,0,1,0,0,1,0,0,1
351,1,0,1,1,1,1,0,1,0,1,11
352,1,0,0,1,0,0,1,1,0,0,4
353,0,0,0,0,1,1,0,1,0,0,12
354,1,0,0,0,1,0,0,0,0,0,12
355,0,0,0,0,0,0,1,1,0,1,4
356,1,1,0,1,0,1,1,1,1,0,8
357,1,1,1,1,1,0,1,0,0,1,11
358,0,0,0,1,0,0,0,0,1,0,7
359,1,0,0,1,1,0,1,1,1,0,5
360,1,0,1,1,1,1,1,0,1,0,8
361,1,1,1,0,1,0,0,1,0,1,20
362,0,0,1,1,0,0,1,1,0,0,9
363,0,0,1,0,0,1,0,0,1,0,13
364,1,1,0,1,0,1,1,1,1,1,4
365,1,0,1,1,0,0,1,0,0,1,9
366,1,0,1,0,0,0,0,0,1,0,6
367,1,0,0,0,0,0,1,0,1,1,4
368,0,0,1,1,1,0,0,0,0,0,6
369,0,0,1,1,0,0,1,1,0,0,15
370,1,0,1,1,0,0,0,1,0,1,1
371,1,1,1,0,1,1,1,0,0,1,12
372,0,1,0,1,1,0,1,0,1,0,16
373,0,0,0,1,0,1,1,0,1,0,16
374,0,1,1,0,1,1,1,1,1,0,14
375,1,0,0,0,1,1,1,0,1,0,6
376,0,0,0,1,0,1,0,0,0,1,7
377,0,1,0,0,0,1,1,0,0,0,14
378,1,1,0,1,0,0,0,1,1,1,12
379,0,1,0,0,0,1,1,1,1,0,6
380,0,0,0,1,0,1,1,1,0,1,7
381,1,0,1,1,1,0,0,1,0,1,20
382,1,0,0,0,0,0,1,1,0,0,4
383,0,1,0,1,1,1,0,1,0,0,19
384,1,1,0,1,1,0,0,1,1,0,5
385,0,1,0,0,0,1,1,1,0,1,7
386,1,0,1,1,0,0,1,0,0,1,6
387,1,1,0,0,1,1,0,0,1,0,2
388,0,0,0,0,0,0,0,1,1,0,20
389,1,0,0,1,1,1,0,0,0,0,17
390,0,0,0,1,0,1,1,0,1,0,12
391,0,1,1,1,1,1,0,1,0,0,4
392,0,1,0,1,1,1,0,0,0,0,8
393,1,1,1,0,1,1,0,0,1,1,11
394,1,0,0,0,1,0,1,1,0,0,2
395,0,0,0,0,1,0,1,1,0,0,4
396,1,0,0,0,1,1,1,0,0,1,6
397,1,1,1,1,1,1,0,1,0,1,1
398,1,1,0,0,0,1,0,1,1,0,2
399,0,1,1,0,0,1,0,1,0,0,14
400,0,1,1,1,0,1,1,1,1,1,12
401,0,1,1,0,1,0,1,0,0,0,11
402,1,0,0,0,0,0,1,0,0,1,11
403,1,0,1,0,1,1,0,1,0,0,6
404,0,1,0,0,1,1,0,0,1,1,9
405,0,1,0,1,0,0,1,0,1,0,12
406,1,1,0,0,1,1,0,0,1,0,16
407,1,1,0,1,0,1,1,0,0,0,18
408,0,1,0,1,1,0,0,0,0,0,11
409,0,0,0,0,1,0,0,0,0,0,11
410,0,0,0,0,0,1,1,0,0,0,18
411,0,1,1,1,0,0,1,0,1,1,18
412,1,1,1,0,1,0,0,0,0,1,15
413,1,0,1,1,1,0,1,1,1,0,20
414,0,0,0,0,0,1,0,1,0,0,13
415,1,0,0,0,1,1,0,1,0,0,4
416,1,0,1,0,0,1,0,0,0,0,15
417,0,0,0,1,0,0,1,1,0,1,15
418,0,0,1,1,0,1,1,1,0,1,1
419,1,1,0,0,1,1,0,1,1,1,20
420,0,0,0,0,1,0,0,1,1,0,5
421,1,0,0,1,1,0,1,0,0,0,5
422,0,1,1,1,1,1,1,1,1,0,16
423,1,0,0,0,0,1,0,0,1,1,11
424,0,1,0,0,0,0,1,1,1,0,2
425,1,0,1,1,1,0,0,1,0,1,2
426,1,0,1,0,0,0,1,1,0,0,10
427,1,0,1,0,0,1,1,0,1,0,7
428,0,0,1,0,0,1,0,1,1,0,14
429,0,0,0,1,0,1,1,1,0,0,16
430,1,1,1,1,0,1,0,1,0,0,3
431,0,0,0,1,0,0,0,0,0,1,20
432,0,1,0,0,0,1,1,0,0,1,12
433,0,0,1,0,0,0,0,0,1,1,6
434,1,0,1,0,0,0,1,1,1,1,14
435,1,0,0,1,1,1,1,1,1,1,15
436,0,1,0,1,0,0,1,0,0,0,13
437,1,0,1,0,1,1,0,0,1,1,15
438,0,1,1,0,0,0,1,1,0,1,20
439,1,1,1,0,1,0,1,0,0,1,14
440,0,1,0,0,0,0,0,0,1,1,6
441,0,0,1,0,0,0,1,1,1,1,6
442,1,0,0,0,1,0,0,0,0,1,15
443,1,0,0,1,0,0,0,1,1,1,6
444,0,1,1,0,0,1,0,1,1,0,1
445,1,0,0,0,0,0,1,1,1,1,16
446,1,0,0,1,1,1,0,1,0,0,13
447,1,0,1,1,0,1,0,0,0,0,15
448,1,1,1,0,0,0,0,0,1,1,20
449,0,1,1,1,1,1,0,1,1,1,12
450,1,0,0,1,1,1,0,1,0,0,12
451,0,1,0,1,0,0,0,0,1,1,15
452,1,1,1,1,0,1,0,0,1,1,1
453,1,0,0,1,0,0,0,0,0,1,17
454,0,0,1,1,0,0,1,1,1,0,18
455,1,1,0,0,1,1,1,0,1,0,9
456,1,1,1,0,0,1,1,0,1,1,2
457,1,1,0,1,0,1,0,0,1,1,19
458,0,1,1,0,0,0,1,0,1,1,14
459,0,0,1,0,1,0,0,1,0,0,3
460,0,1,1,1,0,1,1,1,1,0,14
461,1,0,0,0,0,0,0,1,0,0,8
462,1,1,1,1,0,0,1,0,0,0,1
463,0,0,1,1,1,1,0,1,1,1,8
464,1,0,0,1,0,0,0,1,0,0,8
465,1,1,1,1,1,1,0,1,1,1,16
466,0,1,1,0,0,1,1,0,0,0,9
467,1,0,1,1,0,1,0,1,1,1,7
468,1,1,0,0,0,1,0,0,1,1,9
469,1,0,0,1,0,1,0,1,0,1,1
470,1,0,0,0,1,0,1,0,1,0,7
471,0,1,0,1,1,0,1,0,1,1,15
472,1,0,0,0,0,1,0,0,0,0,13
473,1,1,0,0,1,1,0,1,0,1,15
474,1,0,1,1,0,0,0,1,0,0,15
475,0,1,0,0,1,0,0,0,1,0,8
476,0,0,1,0,0,0,0,0,0,1,15
477,0,1,1,0,0,0,1,0,0,0,13
478,1,1,1,1,1,0,1,0,1,1,20
479,0,1,0,1,0,0,1,0,0,1,14
480,0,0,1,0,1,1,0,0,0,0,19
481,1,1,0,1,0,0,1,0,1,0,1
482,1,1,1,0,0,0,1,0,0,0,19
483,1,1,0,1,0,0,0,1,1,1,18
484,1,0,1,1,1,0,0,0,1,0,4
485,1,0,0,1,1,1,0,1,0,0,16
486,0,0,1,0,1,1,1,1,1,1,10
487,0,0,0,0,0,1,1,1,0,0,11
488,1,0,0,1,1,0,0,0,0,1,15
489,1,1,1,1,0,1,0,0,1,0,20
490,0,1,0,0,0,1,0,1,0,0,4
491,1,0,1,0,0,1,1,1,0,1,18
492,1,0,0,0,1,0,1,0,1,1,18
493,1,1,1,1,0,0,0,1,0,1,5
494,0,1,0,1,1,0,0,0,1,0,15
495,0,1,0,0,1,1,1,1,1,1,17
496,1,1,0,0,0,0,0,0,1,0,13
497,0,0,1,0,0,0,0,0,1,1,13
498,0,0,1,0,1,1,1,1,1,0,10
499,0,1,1,1,0,0,0,1,0,1,11
500,0,0,0,0,1,1,1,0,1,0,16
501,1,1,1,1,0,0,0,0,1,0,9
502,1,1,0,1,0,1,0,0,0,1,10
503,1,0,0,0,1,0,0,1,0,0,4
504,0,1,1,1,1,0,0,1,0,0,2
505,0,0,1,1,1,0,1,0,1,1,6
506,1,1,0,1,1,0,1,0,0,0,13
507,0,0,1,1,0,0,0,1,1,0,10
508,1,0,1,0,1,1,1,0,1,1,18
509,1,0,0,0,0,0,0,0,0,0,15
510,0,0,1,1,0,1,0,0,0,0,9
511,1,0,1,0,0,0,0,1,0,1,12
512,1,1,1,0,1,0,0,1,1,1,13
513,0,1,1,0,1,0,0,0,1,1,3
514,1,1,0,0,0,0,0,1,1,1,10
515,0,0,0,1,1,0,1,0,0,0,12
516,0,1,1,1,1,1,0,1,1,0,17
517,0,1,1,1,0,1,0,1,1,0,14
518,1,0,0,1,0,1,0,1,0,1,18
519,0,1,1,0,0,1,0,0,0,1,20
520,1,0,0,1,1,1,1,1,0,1,20
521,0,1,0,1,0,0,0,1,1,1,19
522,0,1,0,1,1,0,0,0,0,1,15
523,0,0,1,0,1,1,0,1,0,0,15
524,1,1,1,1,1,1,1,1,0,1,4
525,0,1,0,0,1,1,0,0,1,1,5
526,0,0,0,1,1,0,0,1,1,0,7
527,1,0,0,0,0,0,1,1,1,0,13
528,0,1,0,1,1,0,1,1,0,1,9
529,1,1,0,1,0,1,1,0,1,1,10
530,1,1,0,0,1,1,1,0,1,1,8
531,1,1,0,0,0,0,1,0,1,0,17
532,1,1,0,1,0,1,1,0,0,1,14
533,0,0,1,0,0,1,1,1,1,1,14
534,1,1,1,1,0,1,1,0,1,0,15
535,0,0,1,1,0,1,1,0,0,0,1
536,0,0,0,0,0,0,0,0,0,0,12
537,1,1,1,1,1,0,1,1,0,1,12
538,1,1,0,0,0,1,1,1,1,0,20
539,1,1,1,0,0,1,1,0,0,0,2
540,1,1,0,1,0,0,1,0,1,0,3
541,1,0,0,1,1,1,0,1,1,1,11
542,1,1,0,1,0,1,0,1,1,0,7
543,1,0,0,1,0,1,1,1,0,1,15
544,1,0,0,1,0,0,1,1,0,0,10
545,0,0,1,1,0,0,0,1,1,0,5
546,1,0,0,0,1,1,1,1,0,1,14
547,0,1,0,1,0,0,1,0,1,1,20
548,0,1,0,0,1,1,0,1,1,1,13
549,1,0,0,1,0,0,0,0,0,1,9
550,0,1,1,0,1,1,0,1,1,0,13
551,0,0,1,1,0,0,1,0,1,1,11
552,0,1,1,0,1,0,0,1,0,1,15
553,1,0,1,1,1,0,0,0,0,1,6
554,1,1,1,0,1,1,1,0,0,0,16
555,1,1,0,1,1,1,0,0,1,0,2
556,0,0,0,0,0,0,1,1,0,1,10
557,1,1,1,1,1,1,1,0,0,0,9
558,1,0,1,0,1,1,1,1,1,1,9
559,0,1,1,1,0,0,1,1,0,0,5
560,1,1,0,1,0,0,1,0,0,0,19
561,0,1,0,0,1,1,1,0,1,1,15
562,0,1,1,1,0,1,1,0,0,0,16
563,1,0,1,0,1,1,1,0,1,0,19
564,0,1,0,1,0,1,1,1,1,1,5
565,1,1,0,0,1,0,1,1,0,0,2
566,0,0,1,1,0,0,0,1,0,0,15
567,0,0,0,1,0,0,1,0,0,0,4
568,0,0,0,0,0,1,1,1,1,0,9
569,1,1,1,1,1,1,1,1,0,1,17
570,0,1,0,1,1,0,0,0,0,0,18
571,1,1,0,1,1,1,0,1,0,1,4
572,1,1,1,1,0,1,0,1,1,1,18
573,0,0,1,1,1,1,1,1,0,1,5
574,1,0,1,0,1,0,1,1,1,1,9
575,1,1,0,1,1,0,1,0,1,0,20
576,1,0,1,0,0,0,1,1,1,0,3
577,0,0,0,0,0,1,0,1,1,1,17
578,1,0,1,0,0,0,1,0,0,0,7
579,1,0,0,1,1,0,0,1,0,1,10
580,0,0,1,1,1,0,0,0,0,0,14
581,1,1,1,0,0,1,0,1,1,0,17
582,0,0,0,0,0,0,0,0,0,0,12
583,0,1,0,1,0,0,1,0,0,1,8
584,0,0,1,1,1,0,0,0,0,0,6
585,0,1,1,0,1,0,1,1,0,1,18
586,0,1,0,1,0,0,1,0,0,1,2
587,1,0,0,0,0,0,0,1,0,0,8
588,0,1,1,0,1,1,0,0,1,0,14
589,0,0,1,0,1,1,0,0,0,0,7
590,0,1,0,1,0,1,0,0,1,1,3
591,1,0,1,1,1,1,0,0,0,0,19
592,1,0,0,0,1,0,0,0,0,1,8
593,1,1,1,1,0,0,1,0,1,1,20
594,1,0,0,0,0,0,1,0,0,0,12
595,0,0,0,1,0,0,1,1,0,0,19
596,1,0,1,0,0,0,1,1,0,0,9
597,1,0,0,0,0,0,0,0,0,0,5
598,0,1,0,1,0,0,1,0,1,0,6
599,1,1,1,0,1,1,0,1,0,1,10
600,0,0,1,0,0,0,0,0,1,1,12
601,0,0,0,0,1,1,0,1,0,1,15
602,1,0,1,1,1,1,0,0,0,0,16
603,1,0,1,0,0,1,0,0,1,0,9
604,0,0,1,0,1,1,1,1,0,1,9
605,0,1,1,0,1,1,1,0,1,0,7
606,1,1,0,1,0,0,1,1,1,1,9
607,1,1,1,1,0,0,1,0,1,1,5
608,0,0,0,1,0,1,1,0,1,0,3
609,1,1,1,1,1,0,0,1,1,1,6
610,0,1,0,1,1,0,0,1,1,0,1
611,1,0,0,0,0,1,1,0,1,0,20
612,1,0,0,1,1,0,0,1,0,0,3
613,0,0,0,0,1,0,1,0,1,0,8
614,0,0,0,0,0,0,1,1,0,1,4
615,1,0,0,1,0,1,0,1,1,0,20
616,1,0,1,1,0,1,1,1,1,1,8
617,0,0,1,1,1,1,0,1,1,0,4
618,1,1,1,1,0,0,1,1,0,0,19
619,0,0,1,0,1,0,0,0,0,1,6
620,1,1,0,1,0,0,0,1,0,1,15
621,1,1,1,1,0,0,0,0,0,0,13
622,1,0,0,1,0,0,1,0,0,0,8
623,0,1,1,0,0,0,1,1,1,0,18
624,1,0,1,1,0,0,0,1,0,1,15
625,0,1,1,0,0,1,1,0,0,1,9
626,0,0,0,0,0,1,1,0,0,0,9
627,0,0,1,0,0,1,0,0,1,0,19
628,0,1,1,0,0,0,1,0,1,0,3
629,0,1,1,0,0,0,0,0,1,0,10
630,1,0,1,1,1,0,1,1,1,1,18
631,1,1,0,0,0,1,0,0,0,1,17
632,0,0,0,1,1,0,0,0,0,0,19
633,0,0,0,0,0,1,0,0,0,0,11
634,0,0,1,1,1,1,0,0,0,1,11
635,1,0,1,1,0,1,0,1,1,1,6
636,0,1,0,1,0,0,0,0,0,0,10
637,0,1,0,0,0,1,1,0,0,0,9
638,0,1,0,0,1,1,0,0,0,1,12
639,0,0,1,0,0,0,1,0,1,1,16
640,1,0,1,1,0,0,1,0,0,1,4
641,1,1,0,0,1,0,0,1,0,1,10
642,0,1,0,1,1,0,0,0,1,1,13
643,1,1,0,1,1,0,1,0,0,1,6
644,1,0,1,1,1,1,0,0,0,0,2
645,0,0,0,0,0,0,1,0,0,1,8
646,0,0,0,1,0,0,1,1,1,0,8
647,1,0,0,0,1,0,1,1,1,0,14
648,1,1,0,1,0,1,1,0,0,1,13
649,1,0,1,0,1,1,1,0,0,0,9
650,0,0,1,0,0,0,0,0,0,0,15
651,1,1,1,0,1,0,0,1,1,0,4
652,1,1,1,1,1,1,1,1,0,1,6
653,0,0,0,0,0,1,1,0,1,1,19
654,0,0,1,1,0,0,1,0,0,1,12
655,1,0,0,1,0,0,1,0,1,0,12
656,1,1,0,0,1,1,1,0,1,1,14
657,0,0,1,0,0,0,0,1,1,1,15
658,0,1,1,0,1,1,1,0,0,1,3
659,0,1,1,1,1,0,1,0,0,1,8
660,1,1,1,1,1,1,1,0,0,0,1
661,0,0,1,0,0,1,0,0,1,0,2
662,0,0,1,1,1,1,1,1,1,0,3
663,0,1,1,0,0,0,0,1,0,0,16
664,0,0,1,1,1,0,1,1,1,1,19
665,0,0,1,0,1,0,1,0,1,0,6
666,1,1,0,0,1,1,0,1,1,0,11
667,1,1,0,0,0,1,1,0,0,1,14
668,1,0,1,1,0,0,1,0,1,0,2
669,1,0,0,1,1,0,1,1,0,1,13
670,1,1,1,0,0,0,0,1,0,0,20
671,1,1,0,0,1,1,0,1,1,0,2
672,0,0,0,1,1,0,1,1,0,0,4
673,0,1,0,1,0,0,1,1,0,0,4
674,1,0,1,1,1,0,0,0,1,0,11
675,1,0,1,1,1,1,0,1,0,0,14
676,0,0,0,0,0,1,1,0,1,1,12
677,0,1,1,0,1,1,1,0,0,0,11
678,1,1,1,1,1,0,0,0,0,1,16
679,0,1,1,1,0,0,0,1,1,1,7
680,1,0,1,0,0,1,0,1,1,0,12
681,1,1,0,0,0,1,0,1,0,0,16
682,0,0,1,0,0,0,0,0,0,1,19
683,1,0,1,1,1,0,0,1,1,1,9
684,0,1,1,0,0,1,1,0,0,0,17
685,0,1,1,0,1,0,1,0,0,1,8
686,1,0,0,0,0,0,1,0,0,0,4
687,0,0,0,0,0,1,0,0,1,1,19
688,1,1,1,1,0,1,1,0,1,1,12
689,0,1,0,0,0,1,1,1,0,1,18
690,1,1,0,1,0,1,1,0,1,0,16
691,0,0,1,1,1,1,1,1,0,1,4
692,1,1,0,1,1,1,0,1,1,0,13
693,1,1,0,1,0,1,0,0,1,1,15
694,0,1,0,1,0,0,1,0,0,1,10
695,0,1,0,1,0,0,0,0,1,0,16
696,1,0,0,1,1,0,0,0,1,1,3
697,0,0,1,1,1,0,1,0,0,1,9
698,1,1,1,1,0,0,1,1,0,1,16
699,1,0,0,1,1,0,0,1,0,0,14
700,0,0,0,1,1,0,1,1,1,1,6
701,0,1,1,0,0,1,1,1,1,0,4
702,1,0,0,0,0,1,0,1,0,1,17
703,0,1,0,1,1,0,0,0,0,1,7
704,0,1,1,1,1,0,1,1,0,1,2
705,0,1,1,1,0,0,0,1,1,1,18
706,1,0,0,0,0,0,1,1,1,0,16
707,1,1,0,1,1,0,1,0,0,0,9
708,1,0,1,1,1,1,0,0,1,1,4
709,0,1,1,0,1,0,1,1,0,0,15
710,1,0,0,1,1,0,0,0,1,1,19
711,1,0,1,1,1,1,0,0,0,1,19
712,1,1,1,1,1,1,0,0,0,1,6
713,1,1,0,0,0,0,0,0,0,1,14
714,0,0,0,1,1,0,0,1,1,0,7
715,1,1,1,1,0,1,1,1,0,0,4
716,1,0,1,0,1,1,0,0,1,1,11
717,1,0,0,0,1,0,1,1,0,1,19
718,0,0,1,1,0,0,1,1,0,0,18
719,1,0,0,1,1,1,1,1,1,0,2
720,1,0,1,0,1,0,1,0,1,1,10
721,1,0,1,1,1,0,0,1,1,1,19
722,0,0,1,0,1,1,0,0,0,0,2
723,0,0,1,0,0,0,1,0,1,0,14
724,0,0,1,0,0,0,1,0,0,0,15
725,0,0,0,1,1,1,1,0,1,0,3
726,1,1,0,0,0,0,1,0,1,0,9
727,1,0,1,0,0,1,1,1,0,1,3
728,1,1,1,0,1,1,0,1,0,1,7
729,1,0,0,0,1,1,1,0,1,0,9
730,0,0,0,1,0,1,0,0,0,0,4
731,1,0,1,1,0,1,1,1,1,1,12
732,0,0,1,0,0,0,1,1,0,0,5
733,0,1,1,0,0,1,0,1,0,1,3
734,1,0,0,0,1,0,0,1,1,0,3
735,0,0,0,0,0,0,1,1,0,0,19
736,0,0,1,0,1,1,1,0,0,0,13
737,0,0,0,1,0,0,0,1,1,0,12
738,0,0,1,1,1,0,0,1,0,1,5
739,0,0,0,1,0,0,1,1,1,0,9
740,1,1,0,1,0,0,0,1,1,0,2
741,0,0,1,0,0,0,0,0,0,1,6
742,0,1,1,0,0,0,1,0,0,0,19
743,0,1,1,1,1,1,1,1,1,0,1
744,0,1,1,0,0,0,0,0,1,1,19
745,1,1,1,0,1,1,1,0,0,1,6
746,1,0,0,1,0,0,0,0,0,0,16
747,0,1,0,1,1,1,1,1,0,1,20
748,1,1,0,0,0,0,0,0,1,0,19
749,1,0,0,1,0,1,0,0,0,1,20
750,0,1,0,1,1,0,1,1,0,0,5
751,1,0,0,1,0,1,1,0,1,0,13
752,0,0,0,0,1,0,1,0,1,0,11
753,0,1,1,0,0,1,1,1,0,0,12
754,1,0,0,0,0,1,0,1,0,0,18
755,1,0,1,1,1,1,0,0,0,0,13
756,1,0,1,0,1,1,0,1,0,0,7
757,1,1,0,1,0,1,0,0,1,0,14
758,0,1,0,0,1,1,1,0,0,0,12
759,1,1,0,1,1,1,1,1,1,0,7
760,0,1,1,0,0,0,1,1,1,1,6
761,0,1,0,0,1,0,0,0,1,1,18
762,1,0,0,1,0,1,1,0,0,0,13
763,0,1,0,1,1,0,1,1,0,1,2
764,1,1,0,1,0,1,0,0,1,1,13
765,0,0,1,0,1,1,0,1,1,1,3
766,0,1,0,0,0,0,1,1,1,0,16
767,0,1,0,1,1,0,1,0,0,1,12
768,0,0,0,0,0,1,1,0,1,0,16
769,1,1,1,1,0,1,0,0,0,0,8
770,0,1,1,1,1,1,1,1,1,0,15
771,0,0,0,1,1,1,1,1,1,1,8
772,0,1,0,1,0,0,1,0,0,0,4
773,0,0,1,1,1,0,1,0,0,0,16
774,1,0,1,0,0,0,1,1,0,1,5
775,0,0,1,0,0,1,0,0,1,1,7
776,0,0,0,0,1,1,0,0,0,1,5
777,1,1,0,1,1,1,1,1,0,0,8
778,1,0,0,1,1,1,1,1,1,0,5
779,1,1,0,1,0,1,0,1,0,1,20
780,1,0,0,0,1,0,1,1,0,0,11
781,0,0,1,0,1,1,1,1,1,0,18
782,0,1,1,0,1,1,0,0,0,1,7
783,1,0,0,0,0,0,1,0,1,1,12
784,0,0,1,1,0,1,0,1,1,0,13
785,1,1,1,0,0,1,0,0,0,1,15
786,0,0,0,1,0,1,0,1,1,1,7
787,0,1,0,1,0,1,0,0,1,1,16
788,1,0,1,1,0,1,1,0,1,0,11
789,0,0,0,0,0,0,0,0,1,1,15
790,0,1,0,0,0,1,1,1,1,1,15
791,0,0,1,0,1,1,0,0,0,1,18
792,1,0,0,0,1,1,0,1,0,0,7
793,1,1,0,0,0,1,1,0,1,0,4
794,1,1,0,1,0,0,0,1,1,1,17
795,0,0,1,1,1,1,0,1,0,1,16
796,1,1,0,0,1,1,1,0,1,1,4
797,0,0,0,1,1,1,1,1,1,1,14
798,1,0,1,0,0,1,0,1,0,0,11
799,0,0,1,0,1,1,0,1,1,0,6
800,0,1,1,0,1,0,1,0,0,1,20
801,1,1,1,0,1,1,1,1,0,0,2
802,0,1,1,1,1,1,1,1,0,0,10
803,1,1,1,1,0,1,0,1,0,0,8
804,0,1,0,1,1,1,0,1,0,1,15
805,0,1,0,0,1,0,1,1,0,1,20
806,0,0,1,0,0,0,0,0,1,1,16
807,1,1,0,1,1,0,0,0,1,1,20
808,1,1,0,1,1,0,1,0,1,1,7
809,0,0,0,0,1,1,0,0,1,1,5
810,0,0,1,1,1,1,0,1,1,0,10
811,1,0,0,1,1,1,1,0,1,1,14
812,1,0,1,0,1,0,1,0,1,0,14
813,1,1,1,0,1,0,0,1,0,1,11
814,0,0,1,0,1,1,1,0,0,0,1
815,0,1,1,1,1,0,0,0,1,0,12
816,1,1,0,1,0,0,0,0,0,0,9
817,0,0,1,0,1,1,0,0,0,1,13
818,0,0,1,1,1,0,1,0,0,0,10
819,1,1,1,0,1,0,0,0,0,1,13
820,0,0,0,0,1,0,1,1,0,0,12
821,0,0,1,0,1,0,0,0,0,1,20
822,1,0,1,0,0,1,0,1,0,0,1
823,0,0,1,1,1,0,1,1,1,1,11
824,1,1,1,1,0,0,0,0,0,1,7
825,0,1,0,0,1,0,0,0,1,0,15
826,0,1,0,1,1,0,0,0,1,0,20
827,1,0,1,0,1,0,0,1,1,1,13
828,1,0,1,1,0,1,1,0,1,0,3
829,0,1,1,1,1,1,1,1,1,0,13
830,0,0,0,0,0,1,0,0,1,1,3
831,0,1,0,0,0,0,1,1,1,1,17
832,1,0,1,0,1,0,1,1,0,0,13
833,0,0,0,1,1,1,0,0,1,0,1
834,1,1,1,0,0,1,1,1,0,1,13
835,1,0,1,0,0,0,1,0,0,1,11
836,0,0,1,1,0,0,1,0,1,1,1
837,1,1,1,1,0,1,0,1,0,1,3
838,0,1,0,1,1,1,0,1,1,0,17
839,0,0,1,0,0,1,1,1,0,0,14
840,0,0,1,1,0,0,1,1,1,1,10
841,1,1,0,0,1,0,1,0,0,1,8
842,1,1,0,0,0,0,0,1,0,1,7
843,1,1,1,0,0,0,1,1,1,0,16
844,0,1,1,0,0,1,0,0,1,1,8
845,0,1,1,0,0,1,0,0,0,1,3
846,0,1,1,1,0,0,1,1,0,1,20
847,1,0,0,1,0,0,1,0,1,0,16
848,0,1,1,0,1,1,0,1,1,0,7
849,0,0,0,0,0,1,0,1,1,1,18
850,0,1,1,1,1,1,1,0,1,1,12
851,0,1,1,0,1,0,1,1,1,0,1
852,0,0,1,1,0,0,0,0,1,0,12
853,0,1,0,1,0,0,1,0,0,1,20
854,1,0,1,0,1,0,0,1,0,0,12
855,1,1,0,0,0,0,1,0,0,0,18
856,0,1,1,1,1,0,0,1,1,1,20
857,0,1,0,1,0,1,0,1,0,1,13
858,0,0,1,0,0,0,0,0,1,0,17
859,1,0,0,1,1,0,0,1,1,0,8
860,1,0,1,1,1,0,0,0,1,1,12
861,0,0,0,0,0,1,0,0,1,0,10
862,0,1,1,0,1,0,0,1,0,0,4
863,0,0,1,1,1,1,1,0,1,1,15
864,1,0,1,1,1,1,1,1,0,0,11
865,1,0,1,0,1,1,1,0,1,1,10
866,1,1,1,0,1,1,0,0,1,1,20
867,0,0,1,0,1,1,1,1,1,0,18
868,0,0,1,0,1,0,0,1,1,1,18
869,0,1,0,1,1,0,0,0,1,0,13
870,1,0,0,1,0,0,0,1,1,0,16
871,0,0,0,1,0,1,1,0,1,0,4
872,1,0,1,0,1,1,0,1,0,0,12
873,0,1,1,1,0,0,0,1,0,0,15
874,0,1,1,1,1,0,0,1,0,1,3
875,1,1,0,0,1,1,0,1,0,1,8
876,0,0,0,1,0,1,0,1,1,1,4
877,0,1,1,0,1,1,0,0,0,1,8
878,0,0,1,1,0,0,1,1,0,1,12
879,0,1,1,1,0,1,1,1,1,1,5
880,0,0,1,0,1,0,1,1,1,0,1
881,0,1,1,0,1,0,0,1,0,1,17
882,1,1,0,1,0,0,0,0,1,0,6
883,1,1,1,0,1,1,0,0,0,1,10
884,1,0,0,0,0,1,1,0,1,0,1
885,0,1,0,1,0,1,1,1,1,0,4
886,0,1,0,0,0,0,0,0,0,1,4
887,0,1,0,0,0,1,1,0,0,0,6
888,1,0,0,1,0,1,0,0,1,0,16
889,0,0,1,1,1,0,0,0,0,1,20
890,1,1,0,0,1,0,1,0,1,1,6
891,0,0,1,1,0,0,0,0,0,1,7
892,1,1,0,1,0,1,1,1,0,1,1
893,1,0,1,0,1,1,0,0,0,0,6
894,1,1,1,0,1,1,1,1,1,0,18
895,1,0,1,0,0,1,0,0,1,0,14
896,1,0,1,1,0,0,1,0,0,1,17
897,1,1,1,1,1,1,0,1,0,0,5
898,1,0,0,1,1,1,0,0,0,1,11
899,0,1,0,1,0,0,0,0,0,1,3
900,0,1,0,0,1,1,0,0,0,1,7
901,1,1,0,1,0,0,0,0,1,0,14
902,0,1,1,0,1,0,1,1,1,1,16
903,0,1,1,1,0,0,0,0,1,1,15
904,0,0,1,1,0,1,1,1,0,0,8
905,0,0,0,0,1,1,1,0,0,1,9
906,0,1,0,1,0,1,0,1,1,0,20
907,1,1,0,1,0,0,1,1,1,1,18
908,0,0,0,1,0,1,1,0,1,0,8
909,0,0,0,1,1,0,0,1,1,1,2
910,0,1,1,1,1,1,0,0,0,1,14
911,0,0,0,0,0,0,1,0,0,0,12
912,0,0,0,0,0,1,1,0,1,0,1
913,0,1,0,0,1,1,1,0,1,0,11
914,0,1,0,0,0,1,0,0,0,1,17
915,1,0,1,1,0,0,0,0,1,1,2
916,1,0,1,1,1,1,0,0,1,0,14
917,0,1,1,1,1,1,0,0,0,0,12
918,1,0,0,1,0,1,1,0,0,1,7
919,1,0,1,0,0,0,0,0,0,0,14
920,1,1,1,1,1,1,0,0,1,1,19
921,1,1,1,0,1,1,1,1,0,0,19
922,0,1,0,0,0,0,1,0,0,0,15
923,0,1,0,1,1,0,1,1,0,0,2
924,0,0,1,0,0,1,0,0,0,1,19
925,0,1,0,1,1,1,1,1,0,1,11
926,1,0,0,1,0,1,0,1,0,1,7
927,1,1,0,0,1,0,0,0,1,1,9
928,1,0,1,1,1,0,0,0,1,1,14
929,0,0,0,1,0,1,0,1,1,0,2
930,0,1,1,0,0,1,1,1,1,0,9
931,0,0,1,1,0,0,0,1,0,1,4
932,0,1,0,0,1,1,1,0,1,0,11
933,1,0,0,1,0,1,0,0,0,0,12
934,0,1,0,0,1,0,0,0,1,0,2
935,1,1,1,0,1,0,0,1,1,1,15
936,0,1,0,1,1,1,0,0,0,1,18
937,1,0,0,1,0,0,1,1,1,1,19
938,0,1,1,1,0,1,0,1,0,1,14
939,0,0,1,1,0,1,0,1,1,0,20
940,0,1,0,1,0,1,0,1,0,1,10
941,0,0,1,0,0,0,1,1,0,1,20
942,0,0,1,0,1,1,1,1,1,0,6
943,0,1,1,1,1,1,0,1,1,0,3
944,1,0,1,1,0,0,0,0,1,1,8
945,0,0,0,1,0,1,0,0,1,0,7
946,1,0,1,0,0,1,1,1,0,0,8
947,0,0,1,0,0,0,0,0,1,0,2
948,0,1,1,0,1,0,0,0,1,1,20
949,1,1,0,0,0,1,0,0,1,0,15
950,0,0,1,0,1,0,1,0,0,1,10
951,0,1,1,1,0,0,1,1,0,0,8
952,1,0,1,0,0,0,1,0,1,0,6
953,0,0,0,0,1,1,1,0,0,0,11
954,1,1,1,0,1,0,0,0,1,1,9
955,0,0,0,0,0,0,0,1,0,0,2
956,0,0,0,0,0,0,1,1,0,0,15
957,0,0,0,0,1,1,1,1,0,1,4
958,1,1,0,0,0,1,1,0,1,1,11
959,1,0,1,0,0,0,0,1,0,1,14
960,0,0,0,0,1,0,1,0,1,1,6
961,1,1,1,1,1,1,1,1,0,1,18
962,1,0,0,1,1,0,0,0,0,0,19
963,0,0,1,1,1,0,0,1,1,1,4
964,1,0,0,0,1,1,1,0,1,0,14
965,0,0,1,0,0,1,0,0,0,0,20
966,0,1,0,1,0,1,1,0,1,0,15
967,1,0,0,0,0,1,1,1,1,0,17
968,1,1,1,1,1,1,1,0,1,1,14
969,0,0,1,0,1,0,0,0,1,0,16
970,0,1,0,0,0,1,0,0,0,1,17
971,0,1,0,1,1,0,1,1,1,0,15
972,1,1,0,1,0,1,1,0,0,0,14
973,0,0,0,0,1,1,0,1,0,0,7
974,1,1,1,0,0,1,1,1,1,0,12
975,1,1,1,0,1,0,0,1,0,0,13
976,1,0,0,1,1,0,1,1,1,1,20
977,0,0,1,0,1,0,0,1,0,0,15
978,1,0,0,0,1,1,0,1,1,0,2
979,0,0,0,0,0,0,0,0,1,1,5
980,0,0,0,1,0,0,0,1,1,0,13
981,1,0,0,1,1,1,0,0,0,0,17
982,0,0,1,1,1,0,1,1,0,1,2
983,1,1,0,1,0,1,0,1,0,0,17
984,0,0,1,1,0,1,1,0,1,1,5
985,1,1,1,1,1,0,1,0,1,0,11
986,1,1,0,1,0,1,1,1,0,0,3
987,0,1,1,1,0,1,1,0,1,0,15
988,0,1,0,0,0,1,1,1,0,1,17
989,0,1,1,1,1,0,0,0,0,1,18
990,0,1,0,0,0,1,1,0,0,1,7
991,1,1,0,1,1,1,0,0,1,1,7
992,1,1,1,0,1,1,1,0,0,1,19
993,1,0,1,0,0,0,0,1,1,1,12
994,0,1,0,0,1,0,1,0,0,1,4
995,0,1,0,0,1,0,0,1,0,1,8
996,1,0,1,0,0,1,1,1,1,1,14
997,0,1,1,0,0,1,0,1,1,0,5
998,0,1,1,1,0,0,0,1,0,0,13
999,1,0,0,1,0,0,0,0,1,1,1
1000,1,0,1,0,1,1,0,0,0,0,12
